{
  "sandbox_name": "caixa_principal",
  "image_points": [
    [
      102.0,
      215.0
    ],
    [
      1820.0,
      240.0
    ],
    [
      1910.0,
      980.0
    ],
    [
      80.0,
      955.0
    ]
  ],
  "world_points_cm": [
    [
      0.0,
      0.0
    ],
    [
      400.0,
      0.0
    ],
    [
      400.0,
      900.0
    ],
    [
      0.0,
      900.0
    ]
  ],
  "homography": [
    [
      0.23667418477416366,
      0.00703625954734002,
      -25.653562649642847
    ],
    [
      -0.019205042775559254,
      1.3197705395364285,
      -281.791751637225
    ],
    [
      -2.533592472860774e-06,
      8.986053386395045e-05,
      1.0
    ]
  ],
  "inverse_homography": [
    [
      4.223909010640122,
      -0.02933452991605471,
      100.09208586234767
    ],
    [
      0.06255034066151957,
      0.7430088921307593,
      210.97841627847743
    ],
    [
      5.080857070190496e-06,
      -6.684149745672264e-05,
      0.9812949594347791
    ]
  ],
  "reprojection_errors_px": [
    2.2958338407482174e-13,
    4.556346636343676e-13,
    2.2737367544323206e-13,
    2.6812987050722663e-13
  ],
  "quality": {
    "point_count": 4,
    "mean_reprojection_error_px": 2.95180398414912e-13,
    "max_reprojection_error_px": 4.556346636343676e-13,
    "passed": true,
    "warning": false
  }
}