{
  "sandbox_name": "cam_0",
  "image_points": [
    [
      1119.0,
      946.0
    ],
    [
      2851.0,
      942.0
    ],
    [
      2823.0,
      1776.0
    ],
    [
      1136.0,
      1760.0
    ]
  ],
  "world_points_cm": [
    [
      400.0,
      900.0
    ],
    [
      900.0,
      400.0
    ],
    [
      400.0,
      400.0
    ],
    [
      900.0,
      900.0
    ]
  ],
  "homography": [
    [
      -0.32925291717698213,
      0.25998361586128566,
      295.2735978201734
    ],
    [
      -0.32673593422056707,
      -0.005400774605719237,
      759.4908324036144
    ],
    [
      -0.0005050660874444106,
      -3.034712357228475e-06,
      1.0
    ]
  ],
  "inverse_homography": [
    [
      0.21687486993725658,
      18.27499157986139,
      -13943.725990281124
    ],
    [
      3.9829224252364686,
      12.617677713037581,
      -10759.06238361367
    ],
    [
      0.00012162316592597302,
      0.009268369517795421,
      -6.075153789875972
    ]
  ],
  "reprojection_errors_px": [
    2.6613406386603914e-12,
    3.279229782005122e-12,
    2.3738508636848907e-12,
    3.6662903532026344e-12
  ],
  "quality": {
    "point_count": 4,
    "mean_reprojection_error_px": 2.99517790938826e-12,
    "max_reprojection_error_px": 3.6662903532026344e-12,
    "passed": true,
    "warning": false
  }
}