{
  "sandbox_name": "cam_0",
  "image_points": [
    [
      1119.0,
      1225.0
    ],
    [
      1933.0,
      1251.0
    ],
    [
      1909.0,
      1711.0
    ],
    [
      1052.0,
      1702.0
    ]
  ],
  "world_points_cm": [
    [
      0.0,
      0.0
    ],
    [
      0.0,
      100.0
    ],
    [
      59.0,
      100.0
    ],
    [
      59.0,
      0.0
    ]
  ],
  "homography": [
    [
      -0.004450071308149794,
      0.13932146326284384,
      -165.6891627031641
    ],
    [
      0.12677278138738407,
      0.017806659020869402,
      -163.6718996730478
    ],
    [
      -5.1773339837435354e-05,
      0.00010922305175419232,
      1.0
    ]
  ],
  "inverse_homography": [
    [
      -1.8694799251603897,
      8.247273831312732,
      1040.0944116045712
    ],
    [
      6.197769086796694,
      0.6825650413809805,
      1138.6198875921357
    ],
    [
      -0.0007737284732123206,
      0.00035243707396058433,
      0.9294856225241923
    ]
  ],
  "reprojection_errors_px": [
    2.2737367544323206e-13,
    4.547473508864641e-13,
    5.084229945850415e-13,
    2.2737367544323206e-13
  ],
  "quality": {
    "point_count": 4,
    "mean_reprojection_error_px": 3.5447942408949244e-13,
    "max_reprojection_error_px": 5.084229945850415e-13,
    "passed": true,
    "warning": false
  }
}